<?xml version="1.0" encoding="utf-8" standalone="yes"?>
<rss version="2.0" xmlns:atom="http://www.w3.org/2005/Atom" xmlns:content="http://purl.org/rss/1.0/modules/content/">
  <channel>
    <title>Ethan Times</title>
    <link>http://localhost:1313/</link>
    <description>Recent content on Ethan Times</description>
    <image>
      <title>Ethan Times</title>
      <url>http://localhost:1313/%3Clink%20or%20path%20of%20image%20for%20opengraph,%20twitter-cards%3E</url>
      <link>http://localhost:1313/%3Clink%20or%20path%20of%20image%20for%20opengraph,%20twitter-cards%3E</link>
    </image>
    <generator>Hugo -- 0.145.0</generator>
    <language>en</language>
    <lastBuildDate>Tue, 08 Apr 2025 00:00:00 +0000</lastBuildDate>
    <atom:link href="http://localhost:1313/index.xml" rel="self" type="application/rss+xml" />
    <item>
      <title>Tmux : Terminal Multiplexers</title>
      <link>http://localhost:1313/posts/tmux/</link>
      <pubDate>Tue, 08 Apr 2025 00:00:00 +0000</pubDate>
      <guid>http://localhost:1313/posts/tmux/</guid>
      <description>I figured out about tmux from an online article, so I started learning it.</description>
    </item>
  </channel>
</rss>
