<?xml version="1.0" encoding="utf-8" standalone="yes"?>
<rss version="2.0" xmlns:atom="http://www.w3.org/2005/Atom" xmlns:content="http://purl.org/rss/1.0/modules/content/">
  <channel>
    <title>Categories on Ethan Times</title>
    <link>http://localhost:1313/de/categories/</link>
    <description>Recent content in Categories on Ethan Times</description>
    <image>
      <title>Ethan Times</title>
      <url>http://localhost:1313/%3Clink%20or%20path%20of%20image%20for%20opengraph,%20twitter-cards%3E</url>
      <link>http://localhost:1313/%3Clink%20or%20path%20of%20image%20for%20opengraph,%20twitter-cards%3E</link>
    </image>
    <generator>Hugo -- 0.145.0</generator>
    <language>de</language>
    <atom:link href="http://localhost:1313/de/categories/index.xml" rel="self" type="application/rss+xml" />
  </channel>
</rss>
