<?xml version="1.0" encoding="utf-8" standalone="yes"?>
<rss version="2.0" xmlns:atom="http://www.w3.org/2005/Atom" xmlns:content="http://purl.org/rss/1.0/modules/content/">
  <channel>
    <title>First on Ethan Times</title>
    <link>http://localhost:1313/tags/first/</link>
    <description>Recent content in First on Ethan Times</description>
    <generator>Hugo -- 0.145.0</generator>
    <language>en-us</language>
    <lastBuildDate>Tue, 15 Sep 2020 11:30:03 +0000</lastBuildDate>
    <atom:link href="http://localhost:1313/tags/first/index.xml" rel="self" type="application/rss+xml" />
    <item>
      <title>My 1st post</title>
      <link>http://localhost:1313/posts/system-arch/</link>
      <pubDate>Tue, 15 Sep 2020 11:30:03 +0000</pubDate>
      <guid>http://localhost:1313/posts/system-arch/</guid>
      <description>Desc Text.</description>
    </item>
  </channel>
</rss>
